,ID,Province,Ministry,Department,Clarity of Vision,Mission and Purpose,Policy and Legal framework,"Responsiveness to changes in the operating environment
",Strategic plan (Corporate or business plan),Strategic planning process,Plan review processes,Budget and financial management,Program and service relevance and integration,Structure and function,Individual job design,Operational procedures (e.g. staff manual/ workplace procedures),Internal coordination,Access to suitable Administrative/ Office support staff,Access to suitable technical/ professional staff,Staff Performance and feedback,Human resource development and training,Staff retention,Decision making,Staff engagement and communication,"Workplace meetings (e.g. management, staff, team)",Change management and project implementation,Service delivery standards,"Stakeholder partnerships (e.g. NGO, CSOs, FBOs)",Organisational Performance monitoring (M&E),Teamwork and the interpersonal environment,Service as a shared value,Workplace learning,Managing workplace and out-of-work responsibilities,Physical infrastructure,Technological infrastructure
1,1,Shefa,Ministry of Lands and Natural Resources,Department of Water Resources,4,4,3,4,4,4,3,3,4,2,2,3,2,2,2,3,2,2,3,2,3,4,3,4,4,3,3,4,3,1,2
2,2,Shefa,Ministry of Prime Minister,Citizenship Office,4,3,3,4,3,3,3,3,2,2,2,2,3,1,2,3,2,2,2,2,1,2,3,2,1,2,2,2,1,1,3
3,3,Shefa,Ministry of Trades and Commerce,Department of Industry,4,4,4,4,1,3,3,4,4,4,4,1,3,2,2,1,1,1,2,2,2,3,1,3,1,2,3,2,2,1,4
4,4,Shefa,"Ministry of Agriculture, Livestock, Forestry and Biosecurity",Department of Biosecurity,2,2,2,2,2,2,2,2,2,2,1,2,2,2,2,2,2,2,2,2,2,2,2,1,2,2,2,2,2,2,2
5,5,Shefa,Ministry of Prime Minister,Office of Public Service Commission,4,4,4,4,4,4,4,3,4,4,4,4,4,2,1,3,3,4,3,2,2,1,2,4,2,3,3,3,3,3,3
6,6,Shefa,Ministry of Prime Minister,Office of Public Service Commission,3,3,4,2,4,3,3,3,2,4,2,2,3,2,2,3,1,3,4,3,2,3,2,1,3,3,3,3,3,1,2
7,7,Shefa,Ministry of Prime Minister,Office of Public Service Commission,2,4,2,3,1,3,3,1,2,2,3,1,2,2,2,2,2,3,2,2,3,2,2,3,1,2,2,2,2,1,2
8,8,Shefa,Ministry of Prime Minister,Department of Language Services,3,3,2,2,2,3,3,3,2,4,3,3,3,4,2,2,3,2,2,2,2,2,3,2,3,4,4,2,3,4,4
9,9,Shefa,Ministry of Infrastructure and Public Utilities,Corporate Service Unit,4,4,3,4,4,3,3,4,4,4,4,3,3,2,2,3,2,3,2,3,4,4,2,4,2,3,3,3,2,3,3
10,10,Shefa,"Ministry of Agriculture, Livestock, Forestry and Biosecurity",Department of Livestock,3,3,2,4,3,4,4,3,4,4,4,3,3,2,2,3,3,4,4,4,4,3,2,1,2,4,2,4,4,3,4
11,11,Shefa,Ministry of Prime Minister,Office of Government Chief Information Officer,2,2,3,3,3,3,3,3,3,3,2,3,2,3,2,2,3,3,3,3,2,3,2,2,3,3,3,3,2,2,4
12,12,Shefa,Ministry of Trades and Commerce,Department of Tourism,4,3,2,3,2,3,3,3,2,3,3,3,3,3,2,2,2,2,2,3,3,3,2,3,2,3,2,2,2,2,2
13,13,Shefa,"Ministry of Agriculture, Livestock, Forestry and Biosecurity",Department of Biosecurity,4,4,2,3,3,3,4,3,3,2,3,2,3,2,2,3,3,3,2,3,3,3,3,3,3,3,3,4,4,1,2
14,14,Shefa,Ministry of Finance and Economic Management,Department of Finance and Treasury,3,3,3,3,3,3,2,3,2,3,2,2,2,2,2,2,2,3,2,2,3,3,3,2,1,3,3,3,3,3,3
15,15,Shefa,Ministry of Finance and Economic Management,Department of Customs and Inland Revenue,4,4,4,3,4,4,4,4,3,4,4,4,4,3,3,4,4,3,3,2,2,3,4,3,4,3,4,4,3,3,3
16,16,Shefa,Ministry of Finance and Economic Management,Vanuatu Bureau of Statistics,3,4,3,3,3,3,3,3,3,2,2,2,2,2,2,2,2,1,1,2,2,2,2,3,2,3,3,3,3,1,3
17,17,Shefa,"Ministry of Agriculture, Livestock, Forestry and Biosecurity",Department of Agriculture and Rural Development,2,2,2,2,4,3,3,3,3,3,3,2,3,2,2,2,2,3,3,3,3,3,2,3,2,4,4,3,2,2,3
18,18,Shefa,Ministry of Internal Affairs,Department of Labour,4,4,4,3,3,3,4,3,3,3,3,3,3,2,2,3,3,1,3,3,4,3,2,4,3,4,2,3,3,3,2
19,19,Shefa,Ministry of Lands and Natural Resources,"Department of Lands, Survey and Records",2,2,2,2,3,2,3,1,2,2,1,3,1,1,1,2,1,3,2,1,3,3,1,3,2,2,2,2,2,1,2
20,20,Shefa,Ministry of Prime Minister,"Department of Strategic Policy, Planning and Aid Coordination",4,4,4,4,4,4,4,4,4,4,4,4,4,2,2,4,3,3,4,3,2,2,4,3,4,4,3,4,4,4,4
21,21,Shefa,Ministry of Finance and Economic Management,Department of Customs and Inland Revenue,3,3,3,3,3,3,3,3,2,2,3,2,2,1,1,2,2,2,2,3,3,1,2,2,2,3,1,1,1,1,3
22,22,Shefa,Ministry of Finance and Economic Management,Department of Finance and Treasury,4,4,1,4,4,4,3,4,4,2,2,1,1,1,3,1,2,1,1,3,1,1,3,3,1,3,2,2,3,4,4
23,23,Shefa,Ministry of Health,Department of Public Health,4,4,4,3,4,4,4,4,4,4,4,4,4,2,3,3,4,2,2,3,4,4,4,4,4,3,4,3,4,1,2
24,24,Shefa,Ministry of Finance and Economic Management,Corporate Service Unit,3,3,2,3,4,3,3,3,2,3,2,2,3,2,2,3,3,3,2,3,3,2,2,3,2,4,3,3,2,2,3
25,25,Shefa,Ministry of Internal Affairs,Corporate Service Unit,3,3,2,3,2,4,3,3,2,3,3,2,2,2,2,3,4,4,4,4,3,4,3,4,3,4,4,4,3,3,4
26,26,Shefa,Ministry of Health,Department of Policy and Planning,3,3,3,2,3,3,3,3,2,3,3,3,3,2,2,3,2,3,3,4,4,3,3,3,2,4,3,3,3,2,3
27,27,Shefa,"Ministry of Agriculture, Livestock, Forestry and Biosecurity",Department of Agriculture and Rural Development,3,3,4,3,4,4,4,3,3,4,4,3,4,3,4,3,2,4,4,4,4,3,3,4,3,4,4,3,4,4,3
28,28,Shefa,Ministry of Climate Change and Adaptation,Vanuatu Meteorology and Geo-hazards Department,3,4,3,3,3,3,3,3,3,3,3,3,3,2,2,3,2,2,3,3,3,3,3,3,3,3,3,3,3,2,2
29,29,Tafea,Ministry of Health,Department of Public Health,4,3,4,3,4,4,4,3,3,2,1,2,2,2,2,3,2,2,3,2,3,1,3,3,1,3,2,3,3,2,1
30,30,Shefa,Ministry of Climate Change and Adaptation,National Disaster Management Office,1,4,3,3,3,4,4,2,4,3,3,4,2,2,1,3,2,2,4,4,4,4,3,4,4,3,4,4,4,2,3
31,31,Shefa,Ministry of Health,Department of Public Health,3,4,3,3,3,3,3,3,3,3,3,3,3,3,3,3,3,3,3,3,3,3,3,3,3,3,3,3,3,3,3
32,32,Shefa,Ministry of Education and Training,Department of Policy and Planning,3,4,2,1,3,3,3,2,2,2,1,2,1,1,2,2,2,3,2,1,2,2,2,3,2,2,1,3,2,2,3
33,33,Shefa,Ministry of Trades and Commerce,Department of Industry,3,4,2,3,4,3,4,3,3,2,1,1,2,2,1,2,2,1,2,3,3,3,3,4,3,4,3,3,3,3,3
34,34,Shefa,Ministry of Climate Change and Adaptation,Corporate Service Unit,3,3,4,3,3,3,4,4,3,3,3,3,3,2,2,3,2,2,4,3,4,4,2,4,3,4,3,3,4,3,3
35,35,Shefa,Ministry of Finance and Economic Management,Corporate Service Unit,4,4,3,3,4,4,3,3,4,3,3,4,3,2,2,4,3,1,3,4,4,3,4,3,1,4,4,4,4,2,3
36,36,Torba,Ministry of Health,Department of Public Health,4,4,3,2,2,2,2,3,2,4,3,3,3,2,1,3,2,1,2,3,3,4,3,3,1,4,3,4,3,1,2
37,37,Penama,Ministry of Trades and Commerce,Department of Tourism,4,4,4,3,4,4,4,3,4,3,3,4,3,2,1,2,2,3,2,3,3,3,3,3,3,3,3,3,3,3,3
38,38,Shefa,Ministry of Prime Minister,Office of Public Service Commission,3,3,2,3,3,3,2,3,2,4,3,4,4,4,3,3,2,2,3,3,3,3,3,3,3,3,3,3,3,1,1
39,39,Shefa,Ministry of Infrastructure and Public Utilities,Department of Ports and Marine,3,3,2,3,3,3,3,3,2,3,3,2,3,2,2,3,3,2,2,3,2,2,3,3,2,3,3,3,3,3,2
40,40,Shefa,Ministry of Trades and Commerce,Department of Tourism,4,4,4,3,4,3,3,4,4,2,3,3,2,3,3,3,2,2,2,2,2,2,3,3,3,2,2,2,2,2,3
41,41,Shefa,Ministry of Finance and Economic Management,Corporate Service Unit,3,3,3,2,3,2,3,3,3,2,2,2,1,2,2,2,2,1,1,2,1,2,2,3,2,2,2,2,2,2,2
42,42,Shefa,"Ministry of Agriculture, Livestock, Forestry and Biosecurity",Department of Biosecurity,3,3,3,3,3,3,3,3,3,2,1,3,3,1,1,1,3,2,3,3,3,3,2,2,2,2,3,3,3,1,2
43,43,Shefa,Ministry of Education and Training,Department of Finance and Admin,3,1,2,2,4,3,3,3,4,3,1,2,3,2,1,2,2,1,2,2,2,2,3,3,3,3,3,3,2,2,2
44,44,Shefa,"Ministry of Foreign Affairs, International Cooperation and External Trade",Department of External Trade,4,4,3,3,4,4,4,3,2,4,3,1,3,4,2,3,3,3,3,3,4,4,2,3,3,4,4,4,2,2,2
45,45,Shefa,"Ministry of Fisheries, Ocean and Maritime Affairs",Department of Fisheries,4,3,4,3,2,4,3,3,2,3,3,3,3,2,2,3,2,4,3,3,3,3,2,3,3,4,3,4,3,1,4
46,46,Sanma,Ministry of Justice and Community Services,Department of Correctional Services,3,3,4,2,2,2,3,3,1,2,1,2,2,1,1,2,1,2,2,2,3,3,3,2,2,2,2,3,1,3,2
47,47,Shefa,Ministry of Prime Minister,Department of Language Services,4,4,4,3,3,3,4,4,4,4,4,4,4,2,2,3,3,3,4,4,4,4,4,4,4,4,4,4,4,4,3
48,48,Tafea,Ministry of Health,Corporate Service Unit,4,4,3,3,3,3,3,3,3,3,3,3,3,3,2,4,3,3,3,3,3,3,2,3,2,3,3,3,3,3,3
49,49,Shefa,"Ministry of Foreign Affairs, International Cooperation and External Trade",Department of Foreign Affairs,2,2,2,2,2,2,2,1,2,3,3,1,2,1,2,1,1,1,2,3,2,4,2,2,2,2,2,2,2,1,1
50,50,Shefa,"Ministry of Foreign Affairs, International Cooperation and External Trade",Department of External Trade,4,4,3,3,4,4,4,3,4,4,4,4,4,4,4,4,2,4,4,4,4,4,4,3,4,4,4,4,4,2,1
51,51,Shefa,"Ministry of Foreign Affairs, International Cooperation and External Trade",Department of Foreign Affairs,4,4,3,3,3,4,3,3,2,4,2,3,2,2,3,3,1,3,2,3,2,2,3,3,3,3,3,4,3,3,2
52,52,Shefa,Ministry of Prime Minister,Office of Public Service Commission,4,3,4,3,3,4,4,3,3,4,3,3,3,3,3,3,3,4,4,4,4,4,3,3,4,4,3,4,2,3,3
53,53,Shefa,Ministry of Infrastructure and Public Utilities,Public Works Department,3,3,4,3,4,4,4,3,2,3,1,3,3,3,2,2,2,3,2,3,3,3,3,3,2,3,2,2,3,2,2
54,54,Shefa,Ministry of Infrastructure and Public Utilities,Corporate Service Unit,3,3,1,2,2,2,2,4,2,2,2,1,2,3,1,1,2,3,1,2,1,1,2,2,2,2,2,1,1,3,4
55,55,Shefa,Ministry of Health,Department of Policy and Planning,3,3,3,3,3,3,3,3,3,3,2,3,3,1,1,2,2,1,3,2,2,2,3,3,2,3,3,2,3,1,1
56,56,Sanma,Ministry of Health,Department of Curative and Hospital Services,3,3,3,3,2,3,3,3,3,2,3,3,3,2,2,3,2,1,3,3,3,3,4,4,3,4,3,3,3,1,2
57,57,Shefa,Ministry of Infrastructure and Public Utilities,Public Works Department,3,3,3,3,3,4,3,3,3,3,2,2,3,2,2,3,2,4,3,3,4,3,3,4,2,3,3,3,2,2,3
58,58,Shefa,Ministry of Climate Change and Adaptation,Corporate Service Unit,3,3,3,2,3,3,3,3,3,3,3,3,3,2,2,2,1,1,3,3,3,3,3,3,3,3,3,3,3,2,3
59,59,Penama,Ministry of Health,Department of Public Health,2,1,1,1,2,2,3,1,2,2,2,1,1,1,1,1,2,1,1,1,2,1,2,2,2,1,1,2,1,1,2
60,60,Shefa,Ministry of Health,Corporate Service Unit,3,4,2,2,2,4,3,3,3,3,3,2,3,2,2,2,2,2,3,4,3,3,4,3,2,4,3,4,3,2,2
61,61,Shefa,Ministry of Climate Change and Adaptation,National Disaster Management Office,4,4,4,3,4,4,4,4,4,4,3,4,3,2,2,4,3,4,4,4,4,4,4,4,4,4,4,4,4,2,3
62,62,Shefa,Ministry of Finance and Economic Management,Corporate Service Unit,3,3,3,2,3,3,3,4,4,4,2,3,3,4,4,3,4,3,3,3,3,3,3,3,3,3,3,3,3,3,3
63,63,Shefa,Ministry of Finance and Economic Management,Vanuatu National Audit Office,4,4,2,4,3,3,3,3,3,3,3,3,3,1,2,3,2,3,1,3,3,2,3,3,3,3,3,4,3,3,3
64,64,Shefa,Ministry of Climate Change and Adaptation,Department of Climate Change,4,4,3,4,4,4,4,4,4,4,4,4,4,1,1,3,3,3,4,3,4,4,4,3,3,4,3,4,4,3,2
65,65,Shefa,Ministry of Health,Department of Curative and Hospital Services,2,2,2,3,3,2,3,3,2,3,2,2,2,2,2,2,3,2,2,3,3,3,2,3,2,3,2,3,2,3,2
66,66,Shefa,Ministry of Climate Change and Adaptation,Department of Climate Change,3,3,3,3,3,3,3,3,3,3,3,3,3,4,4,3,3,3,3,3,3,3,3,3,3,3,3,3,3,3,3
67,67,Shefa,Ministry of Finance and Economic Management,Department of Customs and Inland Revenue,4,4,4,4,4,4,4,4,4,4,4,4,4,4,4,4,4,4,4,4,4,4,4,4,4,4,4,4,4,1,4
68,68,Torba,Ministry of Health,Department of Policy and Planning,1,1,1,1,2,2,2,2,1,1,1,1,1,1,2,1,2,1,1,1,1,1,1,1,1,1,1,1,1,1,1
69,69,Shefa,Ministry of Infrastructure and Public Utilities,Civil Aviation Authority of Vanuatu,3,3,2,2,2,2,2,2,2,3,3,2,2,2,2,2,2,2,2,3,3,2,2,3,2,2,2,2,2,1,2
70,70,Shefa,Ministry of Prime Minister,Office of Government Chief Information Officer,1,4,3,4,3,3,4,3,2,3,2,2,3,2,2,4,4,4,3,3,4,3,2,3,3,3,3,3,4,1,3
71,71,Shefa,Ministry of Finance and Economic Management,Vanuatu National Audit Office,4,3,4,3,4,2,4,4,3,4,3,4,3,2,2,3,4,3,2,4,4,3,2,3,3,3,4,3,4,3,2
72,72,Shefa,Ministry of Infrastructure and Public Utilities,Public Works Department,4,4,3,3,3,3,4,3,3,3,3,2,3,2,2,3,3,3,3,3,3,3,2,3,2,3,3,3,3,3,3
73,73,Shefa,Ministry of Health,Department of Curative and Hospital Services,2,2,1,2,2,2,3,1,2,2,2,1,2,2,2,2,2,2,2,2,3,3,2,3,3,3,2,2,3,3,3
74,74,Shefa,Ministry of Health,Department of Public Health,4,2,2,3,3,3,4,3,3,3,2,3,3,2,3,2,2,2,2,3,2,1,2,3,2,2,3,2,1,2,3
75,75,Shefa,Ministry of Climate Change and Adaptation,Department of Climate Change,3,3,2,3,4,3,3,4,3,2,1,3,2,1,2,3,3,3,2,3,3,3,3,3,3,4,4,3,3,3,3
76,76,Shefa,Ministry of Infrastructure and Public Utilities,Civil Aviation Authority of Vanuatu,3,3,1,2,1,1,1,3,3,2,3,2,2,1,1,1,3,2,2,3,3,2,3,2,2,2,3,3,3,2,3
77,77,Torba,Ministry of Health,Department of Curative and Hospital Services,3,3,4,3,3,3,4,3,3,3,3,4,3,3,2,4,3,3,4,3,3,3,3,4,4,3,3,3,3,3,3
78,78,Shefa,Ministry of Infrastructure and Public Utilities,Public Works Department,4,3,4,4,4,4,4,4,4,3,3,3,3,3,1,3,2,2,2,3,4,3,2,4,3,2,2,2,2,3,3
79,79,Penama,Ministry of Infrastructure and Public Utilities,Public Works Department,4,4,4,4,4,4,4,4,4,4,4,4,4,4,4,4,4,3,4,3,4,3,4,4,4,4,4,4,4,4,4
80,80,Shefa,Ministry of Health,Department of Curative and Hospital Services,1,1,2,2,2,2,1,1,2,1,1,1,2,2,2,1,1,2,1,1,1,1,2,3,1,1,1,1,1,3,2
81,81,Shefa,Ministry of Finance and Economic Management,Department of Finance and Treasury,2,2,3,3,2,2,2,4,2,3,1,4,3,3,3,2,2,2,3,3,3,3,3,3,2,4,4,3,3,3,3
82,82,Malampa,Ministry of Infrastructure and Public Utilities,Public Works Department,2,2,3,2,3,3,3,3,2,3,2,3,2,2,2,2,2,3,2,2,3,2,3,2,3,3,3,3,3,3,3
83,83,Torba,Ministry of Infrastructure and Public Utilities,Public Works Department,4,3,2,4,3,4,4,3,3,4,3,4,4,3,2,4,1,4,4,4,4,4,3,3,2,3,4,3,4,2,4
84,84,Shefa,Ministry of Finance and Economic Management,Department of Finance and Treasury,4,2,3,4,4,4,4,4,4,4,2,3,4,3,2,4,3,1,4,4,4,2,3,3,4,3,4,4,4,1,4
85,85,Shefa,Ministry of Health,Department of Public Health,2,2,3,2,3,2,1,2,2,2,3,2,2,2,1,1,2,2,3,3,3,2,3,3,1,3,3,3,3,2,3
86,86,Tafea,Ministry of Health,Department of Curative and Hospital Services,3,3,1,2,3,3,3,2,2,2,2,2,2,1,1,2,2,1,2,2,2,1,2,3,2,3,2,2,2,2,2
87,87,Shefa,Ministry of Infrastructure and Public Utilities,Public Works Department,4,4,4,3,3,4,4,4,4,4,4,4,4,4,4,4,4,4,4,4,4,4,4,4,4,4,4,4,4,4,4
88,88,Shefa,Ministry of Health,Department of Public Health,4,4,2,2,3,3,2,3,2,2,2,2,2,2,2,2,2,1,1,2,3,2,2,3,3,3,3,2,2,2,2
89,89,Shefa,Ministry of Internal Affairs,Corporate Service Unit,2,2,2,2,3,3,2,3,2,2,2,2,2,2,2,2,2,1,2,3,3,3,1,3,2,3,3,3,3,3,3
90,90,Shefa,Ministry of Justice and Community Services,Corporate Service Unit,3,3,2,3,4,4,3,3,2,2,3,3,3,3,3,3,3,2,1,2,2,2,3,4,3,3,2,3,2,1,3
91,91,Shefa,Ministry of Justice and Community Services,Department of Youth and Sports,1,2,3,2,4,4,4,3,4,3,3,3,3,1,2,1,1,1,3,3,4,2,2,1,2,3,3,3,3,2,3
92,92,Shefa,"Ministry of Agriculture, Livestock, Forestry and Biosecurity",Corporate Service Unit,4,4,4,3,4,4,3,4,3,2,3,2,3,2,2,2,3,4,4,3,2,3,3,3,4,4,3,3,4,3,2
93,93,Shefa,Ministry of Infrastructure and Public Utilities,Public Works Department,3,3,4,3,3,4,3,3,3,4,4,3,3,3,3,3,3,3,3,3,3,3,3,3,3,3,3,3,3,3,3
94,95,Shefa,Ministry of Trades and Commerce,Corporate Service Unit,3,3,3,3,3,2,3,2,2,3,3,3,2,1,1,1,2,2,1,2,2,2,2,3,2,3,3,3,2,3,1
95,96,Tafea,Ministry of Infrastructure and Public Utilities,Public Works Department,4,4,4,3,4,4,4,4,4,4,4,4,4,4,3,4,4,3,4,3,3,4,4,4,3,4,4,3,3,4,4
96,97,Tafea,Ministry of Infrastructure and Public Utilities,Public Works Department,3,4,3,2,4,3,2,3,2,2,3,2,3,3,3,2,1,1,1,1,1,1,1,1,1,2,2,2,2,2,2
97,98,Shefa,Ministry of Infrastructure and Public Utilities,Civil Aviation Authority of Vanuatu,2,3,2,2,3,2,2,2,2,2,2,2,2,3,3,3,3,2,2,3,3,2,1,1,4,4,4,4,4,3,3
98,99,Shefa,Ministry of Infrastructure and Public Utilities,Public Works Department,3,3,3,2,3,4,4,4,3,4,4,4,4,4,3,3,3,4,3,3,4,3,3,3,4,4,4,4,4,3,3
99,100,Shefa,Ministry of Infrastructure and Public Utilities,Public Works Department,1,2,2,2,3,2,2,3,2,3,2,2,2,3,3,2,2,2,2,2,2,2,2,2,1,3,2,2,2,2,2
100,101,Shefa,Ministry of Infrastructure and Public Utilities,Civil Aviation Authority of Vanuatu,2,2,1,2,1,1,1,3,1,2,2,2,2,1,1,1,1,1,2,2,3,2,3,3,3,3,3,3,1,1,1
101,102,Shefa,"Ministry of Fisheries, Ocean and Maritime Affairs",Corporate Service Unt,2,2,2,1,2,2,4,3,2,2,4,2,2,2,2,3,1,2,2,2,2,3,2,4,2,3,2,3,2,1,2
102,103,Shefa,Ministry of Internal Affairs,Department of Urban Affairs,1,1,2,2,1,1,1,2,2,2,2,2,2,4,3,3,3,3,2,3,2,2,3,3,2,4,3,3,2,2,2
103,104,Shefa,"Ministry of Agriculture, Livestock, Forestry and Biosecurity",Corporate Service Unit,3,3,3,3,4,4,4,4,4,3,3,3,3,2,2,2,2,2,3,3,3,3,3,3,4,4,3,3,3,2,3
104,105,Shefa,Ministry of Internal Affairs,Corporate Service Unit,2,2,2,2,2,2,2,3,3,3,3,3,3,2,2,3,2,2,2,2,2,2,2,2,2,2,2,3,3,3,2
105,106,Penama,Ministry of Justice and Community Services,Corporate Service Unit,4,4,3,4,4,4,4,4,4,2,4,4,4,4,2,4,4,2,2,2,1,1,2,4,4,4,4,4,4,1,4
106,107,Shefa,Ministry of Internal Affairs,Corporate Service Unit,3,3,3,3,2,3,3,3,3,3,3,2,2,2,2,3,3,3,2,3,3,3,2,3,3,3,3,3,3,3,3
107,108,Shefa,"Ministry of Agriculture, Livestock, Forestry and Biosecurity",Department of Biosecurity,4,3,4,4,4,4,4,4,4,4,4,4,4,4,4,4,4,4,4,4,4,4,4,4,4,4,4,4,4,4,4
108,109,Shefa,"Ministry of Agriculture, Livestock, Forestry and Biosecurity",Department of Biosecurity,4,4,4,4,4,4,4,4,4,4,4,4,4,4,4,4,4,4,4,4,4,4,2,4,3,4,4,4,4,4,4
109,110,Shefa,Ministry of Infrastructure and Public Utilities,Public Works Department,4,3,4,3,4,4,4,4,4,4,4,4,4,4,4,4,4,4,4,4,4,4,4,4,4,4,4,4,4,4,4
110,111,Shefa,Ministry of Education and Training,Department of Education Services,3,3,3,3,3,3,2,2,2,3,3,2,2,3,2,2,1,2,2,2,3,2,2,3,2,3,3,1,2,2,2
111,112,Tafea,Ministry of Health,Department of Curative and Hospital Services,2,2,2,3,4,2,3,3,3,3,4,1,3,3,2,3,3,3,3,3,3,3,2,3,3,4,4,3,2,2,3
112,113,Shefa,Ministry of Infrastructure and Public Utilities,Public Works Department,4,4,3,4,3,3,4,3,2,3,2,2,2,2,3,3,3,3,3,2,3,3,2,2,1,4,4,3,3,2,2
113,114,Shefa,Ministry of Prime Minister,Office of Government Chief Information Officer,3,3,3,3,3,4,4,4,3,3,2,2,3,2,1,3,2,3,2,3,4,3,2,4,2,4,3,4,4,1,3
114,115,Shefa,Ministry of Finance and Economic Management,Department of Customs and Inland Revenue,4,4,3,3,3,3,4,3,3,4,3,3,3,2,2,3,3,2,2,3,3,3,2,2,3,3,3,3,2,1,2
115,116,Shefa,Ministry of Infrastructure and Public Utilities,Civil Aviation Authority of Vanuatu,3,2,2,2,1,1,1,2,1,2,3,2,2,2,1,2,2,2,1,3,3,1,2,1,1,1,2,1,1,1,3
116,117,Shefa,Ministry of Prime Minister,Office of Public Service Commission,2,3,3,2,3,3,3,2,2,2,2,2,2,2,2,2,2,2,2,2,2,2,2,2,2,2,2,2,2,1,2
117,118,Shefa,Ministry of Education and Training,Department of Tertiary Education,4,4,4,4,4,3,3,3,2,3,2,3,3,1,1,3,2,4,2,3,4,4,3,4,2,3,3,3,3,3,3
118,119,Shefa,Ministry of Education and Training,Department of Education Services,4,4,4,4,4,4,4,3,3,4,4,4,3,3,3,3,2,4,3,4,4,3,3,4,3,4,4,4,4,1,3
119,120,Shefa,Ministry of Infrastructure and Public Utilities,Civil Aviation Authority of Vanuatu,3,1,2,2,2,3,1,1,2,2,2,2,2,2,2,2,2,2,3,2,2,2,2,2,2,2,2,2,2,2,2
120,121,Shefa,Ministry of Education and Training,Department of Finance and Admin,4,3,3,3,3,3,4,3,3,2,2,3,2,2,2,3,1,2,1,3,1,2,3,4,2,3,3,3,2,2,3
121,122,Shefa,Ministry of Education and Training,Department of Education Services,4,4,4,3,3,4,4,3,3,3,3,2,3,2,2,3,2,4,2,3,4,4,3,4,3,3,3,3,3,3,3
122,123,Shefa,Ministry of Health,Department of Curative and Hospital Services,3,3,3,2,2,3,3,2,3,3,3,4,3,2,2,3,3,4,3,3,4,3,3,4,3,4,4,4,4,4,3
123,124,Shefa,Ministry of Finance and Economic Management,Department of Customs and Inland Revenue,3,3,4,4,3,3,3,3,3,3,3,4,4,4,4,3,3,4,3,3,3,4,2,3,3,2,2,3,3,3,3
124,125,Shefa,Ministry of Trades and Commerce,Corporate Service Unit,4,4,3,3,4,4,4,4,4,4,3,2,3,3,3,3,2,2,1,2,2,2,3,3,3,4,3,3,4,2,3
125,126,Shefa,Ministry of Prime Minister,"Department of Strategic Policy, Planning and Aid Coordination",4,4,4,4,4,4,4,4,4,4,4,3,3,3,3,4,4,3,3,4,3,3,3,4,4,3,4,4,3,2,2
126,127,Shefa,Ministry of Internal Affairs,Corporate Service Unit,3,3,2,3,2,3,3,3,2,3,3,1,2,2,1,2,2,2,2,2,2,2,2,3,3,3,3,3,2,2,4
127,128,Sanma,Ministry of Health,Department of Curative and Hospital Services,2,1,2,3,3,2,1,3,3,2,2,3,2,2,2,2,1,1,3,2,2,2,3,4,3,3,3,3,3,2,2
128,129,Shefa,Ministry of Prime Minister,Office of Public Service Commission,2,2,3,2,4,3,2,3,2,2,3,3,2,2,2,2,2,2,2,2,3,2,2,2,1,1,2,2,2,2,3
129,130,Shefa,Ministry of Education and Training,Department of Education Services,4,4,4,4,4,4,3,2,4,4,4,4,3,4,4,3,3,4,4,4,4,4,4,4,4,4,4,4,4,4,4
130,131,Shefa,Ministry of Prime Minister,Office of Public Service Commission,3,3,3,2,4,4,3,1,2,4,3,2,3,3,1,2,1,2,2,3,3,1,1,3,1,3,1,1,4,1,2
131,132,Penama,Ministry of Health,Department of Curative and Hospital Services,3,3,3,3,4,3,4,3,4,3,4,3,2,2,2,3,2,3,4,3,3,4,4,4,3,4,4,3,3,3,2
132,133,Shefa,Ministry of Health,Department of Curative and Hospital Services,2,2,1,1,1,2,1,2,2,2,2,1,2,1,2,2,2,2,2,1,1,1,2,2,1,1,2,2,2,1,1
133,134,Shefa,Ministry of Prime Minister,Office of Public Service Commission,4,4,4,3,4,4,4,3,3,4,3,3,3,2,2,2,3,2,3,3,3,3,3,3,3,3,3,3,3,3,3
134,135,Shefa,Ministry of Lands and Natural Resources,Corporate Service Unit,4,4,4,3,4,4,4,4,4,4,4,4,4,2,2,3,4,3,4,4,3,3,3,4,4,4,4,3,3,1,3
135,136,Shefa,Ministry of Prime Minister,Office of Public Service Commission,2,3,3,2,3,3,2,2,1,2,2,1,2,2,3,2,1,2,3,2,1,2,2,1,2,2,1,1,3,2,1
136,137,Shefa,Ministry of Prime Minister,Office of Public Service Commission,2,3,4,3,3,4,2,3,3,4,3,2,2,4,1,3,1,3,3,3,2,3,3,3,2,3,4,3,3,2,2
137,138,Shefa,Ministry of Prime Minister,Office of Public Service Commission,3,3,2,3,3,3,2,3,2,2,2,1,2,2,3,2,1,3,3,2,2,1,2,3,2,2,2,1,2,1,3
138,139,Shefa,Ministry of Prime Minister,Office of Public Service Commission,4,4,4,4,4,4,4,4,4,4,4,4,4,4,4,4,4,4,4,4,4,4,4,4,4,4,4,4,4,4,4
139,140,Shefa,Ministry of Prime Minister,Office of Public Service Commission,3,3,4,3,1,4,3,1,2,4,3,1,3,2,1,2,2,2,2,3,4,1,1,2,1,2,1,1,4,1,1
140,141,Shefa,Ministry of Prime Minister,Office of Public Service Commission,3,4,4,4,4,4,3,3,3,4,4,4,4,3,4,3,3,3,3,4,3,3,4,4,3,4,4,3,3,1,2
141,142,Tafea,Ministry of Health,Corporate Service Unit,3,4,3,3,4,4,4,3,3,4,4,3,3,3,3,3,3,3,3,3,3,3,3,3,2,3,3,3,3,3,3
142,143,Penama,Ministry of Prime Minister,Office of Public Service Commission,3,3,3,3,3,3,4,3,3,3,3,3,2,3,1,3,3,2,2,3,1,1,3,1,2,3,2,4,2,1,1
143,144,Shefa,Ministry of Prime Minister,Department of Language Services,4,4,3,3,3,3,3,3,3,4,4,3,3,3,2,3,3,3,3,4,3,3,3,3,2,4,3,3,4,3,3
144,145,Shefa,Ministry of Prime Minister,Office of Public Service Commission,2,3,3,2,4,4,4,3,4,4,4,4,4,1,2,4,4,3,2,3,3,1,4,3,4,4,4,4,4,4,2
145,146,Shefa,Ministry of Lands and Natural Resources,Corporate Service Unit,3,3,3,3,3,3,3,3,3,4,3,3,3,4,3,3,3,2,2,2,3,2,4,3,3,3,3,3,3,2,3
146,147,Shefa,Ministry of Prime Minister,Office of Public Service Commission,2,4,2,2,3,4,4,3,3,3,3,3,3,3,3,3,2,2,3,3,2,3,3,3,2,3,3,2,3,2,2
147,148,Shefa,Ministry of Education and Training,Corporate Service Unit,3,3,2,3,3,4,3,3,3,3,2,3,3,3,2,2,2,2,4,3,3,2,3,4,3,3,3,2,3,3,2
148,149,Shefa,Ministry of Lands and Natural Resources,"Department of Lands, Survey and Records",3,3,3,3,3,3,3,2,3,3,3,3,3,3,3,3,3,3,3,3,3,3,3,3,3,3,3,3,3,3,3
149,150,Penama,Ministry of Education and Training,Department of Education Services,3,3,3,3,4,4,3,4,4,3,3,3,3,3,3,4,3,3,3,4,4,3,3,4,3,4,4,3,4,3,3
150,151,Shefa,Ministry of Prime Minister,Office of Public Service Commission,2,3,3,2,2,3,3,3,3,4,3,2,3,3,2,3,3,2,3,3,3,3,2,3,3,3,2,3,2,1,2
151,152,Shefa,Ministry of Lands and Natural Resources,Corporate Service Unit,2,3,3,3,3,3,1,2,2,2,1,3,3,3,2,3,1,3,1,3,2,2,3,3,2,4,3,2,1,1,3
152,153,Shefa,Ministry of Prime Minister,Office of Public Service Commission,1,3,3,3,3,3,4,3,3,4,4,3,3,4,3,3,2,3,2,3,3,3,3,4,3,3,4,3,4,3,3
153,154,Shefa,Ministry of Prime Minister,Office of Public Service Commission,2,2,2,2,1,3,4,2,3,3,3,3,2,3,3,2,3,3,3,2,3,3,3,3,3,4,3,3,3,2,3
154,155,Sanma,Ministry of Lands and Natural Resources,"Department of Lands, Survey and Records",4,4,2,2,2,2,3,3,3,3,3,2,2,1,2,3,3,1,4,3,4,4,3,3,3,3,3,4,3,1,3
155,156,Shefa,Ministry of Lands and Natural Resources,Corporate Service Unit,3,2,2,2,3,2,3,3,3,2,1,3,3,2,2,2,1,1,2,4,1,3,3,3,3,3,2,3,3,2,3
156,157,Shefa,Ministry of Health,Department of Policy and Planning,3,3,3,3,2,3,1,3,1,1,3,2,2,2,2,2,2,2,2,3,3,3,2,3,3,3,2,2,3,3,2
157,158,Shefa,Ministry of Lands and Natural Resources,Department of Water Resources,3,3,3,2,3,2,4,3,3,3,3,2,3,2,2,3,2,3,3,3,4,3,3,1,3,3,2,3,3,3,2
158,159,Shefa,Ministry of Prime Minister,Department of Language Services,4,4,3,2,4,4,4,3,3,4,4,3,3,2,1,3,2,2,3,4,1,4,4,4,4,3,3,3,3,3,3
159,160,Shefa,Ministry of Internal Affairs,Corporate Service Unit,3,3,2,3,3,3,3,2,2,2,3,3,3,2,2,2,3,3,2,3,1,1,2,3,3,2,3,2,2,3,3
160,161,Shefa,Ministry of Education and Training,Department of Education Services,2,2,3,3,3,3,2,4,3,2,1,3,3,2,2,3,3,2,2,2,3,3,3,4,2,4,4,3,3,3,3
161,162,Shefa,"Ministry of Foreign Affairs, International Cooperation and External Trade",Corporate Service Unit,2,2,3,2,3,2,3,2,2,4,3,2,2,2,2,2,2,3,2,2,2,2,2,3,3,2,2,2,2,2,2
162,163,Tafea,Ministry of Prime Minister,Office of Public Service Commission,3,3,3,3,3,2,3,4,4,4,4,4,3,2,3,3,4,4,3,3,3,3,3,3,3,3,3,3,3,3,3
163,164,Shefa,Ministry of Prime Minister,Office of Public Service Commission,3,3,3,2,3,4,4,3,3,3,3,3,3,4,4,3,4,3,3,4,4,3,3,2,3,4,3,3,3,2,2
164,165,Shefa,"Ministry of Foreign Affairs, International Cooperation and External Trade",Department of Foreign Affairs,3,4,3,3,3,3,2,3,3,4,3,4,2,3,4,2,2,3,2,2,1,4,2,2,2,4,3,3,3,4,3
165,166,Shefa,"Ministry of Agriculture, Livestock, Forestry and Biosecurity",Department of Agriculture and Rural Development,1,3,3,3,4,4,4,4,4,4,4,4,4,4,4,4,4,4,4,4,4,3,4,4,4,4,4,4,4,4,3
166,167,Shefa,Ministry of Internal Affairs,Corporate Service Unit,3,3,2,4,4,4,2,4,2,3,3,2,3,2,2,3,2,3,4,3,3,4,2,4,4,4,4,3,4,3,3
167,168,Shefa,Ministry of Lands and Natural Resources,Corporate Service Unit,3,3,3,3,3,3,3,3,2,3,3,3,3,3,1,3,2,1,2,3,3,2,2,3,3,3,2,3,3,1,3
168,169,Shefa,Ministry of Lands and Natural Resources,Corporate Service Unit,4,3,4,1,3,3,2,2,2,1,3,3,2,4,4,2,4,4,2,3,4,1,3,2,1,3,3,4,4,1,2
169,170,Shefa,Ministry of Prime Minister,Office of Public Service Commission,3,3,3,4,3,3,4,3,3,4,3,3,2,4,4,3,3,3,4,3,3,3,3,3,4,3,4,3,4,3,3
170,171,Shefa,Ministry of Prime Minister,Office of Public Service Commission,3,3,3,3,3,3,3,3,3,3,3,3,3,3,3,3,3,3,3,3,3,3,3,3,3,3,3,3,3,3,3
171,172,Shefa,Ministry of Finance and Economic Management,Corporate Service Unit,4,4,3,3,3,3,3,3,2,4,3,3,3,2,2,2,2,2,3,3,3,3,3,2,2,3,4,3,2,2,2
172,173,Shefa,Ministry of Lands and Natural Resources,"Department of Lands, Survey and Records",3,3,1,1,1,1,1,1,1,2,1,2,3,1,1,2,2,3,3,1,4,1,1,1,1,4,4,4,4,1,2
173,174,Tafea,Ministry of Finance and Economic Management,Department of Customs and Inland Revenue,3,3,3,3,3,3,3,3,3,3,3,2,2,2,3,3,3,3,3,3,3,3,3,3,2,3,3,3,3,3,2
174,175,Shefa,"Ministry of Foreign Affairs, International Cooperation and External Trade",Corporate Service Unit,3,3,3,3,3,3,3,3,3,3,3,2,3,3,3,3,3,3,2,3,4,3,3,3,3,3,3,3,3,2,3
175,176,Shefa,Ministry of Lands and Natural Resources,Corporate Service Unit,3,4,4,3,3,3,4,3,4,3,4,4,3,4,2,3,3,2,3,3,4,3,3,3,3,4,3,4,4,3,3
176,177,Shefa,Ministry of Lands and Natural Resources,Corporate Service Unit,3,3,3,3,3,3,3,2,2,3,3,3,3,2,3,3,2,3,2,3,3,3,3,3,1,3,4,3,2,1,2
177,178,Shefa,Ministry of Lands and Natural Resources,Corporate Service Unit,3,3,3,3,3,3,3,2,2,3,3,3,3,2,3,3,2,3,2,3,3,3,3,3,1,3,4,3,2,1,2
178,179,Shefa,Ministry of Lands and Natural Resources,Corporate Service Unit,3,3,3,3,3,3,3,2,2,3,3,3,3,2,3,3,2,3,2,3,3,3,3,3,1,3,4,3,2,1,2
179,180,Malampa,Ministry of Finance and Economic Management,Department of Customs and Inland Revenue,4,3,4,4,4,3,4,4,4,2,3,4,4,4,4,4,2,4,4,4,4,4,4,4,4,4,4,4,4,3,4
180,181,Shefa,Ministry of Trades and Commerce,Department of Industry,3,4,4,4,3,3,3,3,3,3,3,3,3,3,3,3,3,3,3,3,3,3,3,3,3,3,3,3,3,3,3
181,182,Shefa,Ministry of Lands and Natural Resources,Corporate Service Unit,3,3,3,3,3,3,3,3,3,3,3,3,3,2,2,3,2,3,2,3,3,3,3,1,3,3,3,3,3,3,3
182,183,Shefa,Ministry of Justice and Community Services,Corporate Service Unit,4,4,3,2,4,4,4,3,4,3,3,3,2,3,3,3,3,3,3,3,2,3,3,3,3,3,3,4,4,1,3
183,184,Shefa,Ministry of Lands and Natural Resources,"Department of Lands, Survey and Records",3,3,3,2,2,2,3,1,2,1,3,2,3,1,2,1,1,1,2,2,2,2,3,1,2,3,3,2,2,1,3
184,185,Penama,Ministry of Finance and Economic Management,Department of Customs and Inland Revenue,3,3,4,2,3,3,4,3,2,3,3,3,3,3,4,3,2,3,4,3,4,2,3,1,2,4,3,4,4,4,3
185,186,Shefa,Ministry of Education and Training,Department of Policy and Planning,2,2,3,2,3,3,4,3,3,3,3,3,3,3,3,2,2,1,2,2,2,3,3,3,2,3,2,2,3,3,2
186,187,Shefa,Ministry of Infrastructure and Public Utilities,Corporate Service Unit,3,4,3,3,4,3,3,3,3,3,3,3,3,3,2,2,3,3,3,3,4,3,3,4,3,4,4,4,3,4,3
187,188,Shefa,"Ministry of Agriculture, Livestock, Forestry and Biosecurity",Department of Agriculture and Rural Development,3,3,3,2,2,3,2,3,1,2,1,1,1,2,2,2,1,1,3,3,2,2,3,2,2,3,3,4,4,4,3
188,189,Shefa,Ministry of Trades and Commerce,Department of Cooperative,4,3,3,3,3,4,3,3,1,3,3,2,2,2,1,2,3,3,2,1,4,2,2,3,3,3,4,2,1,2,2
189,190,Shefa,Ministry of Trades and Commerce,Corporate Service Unit,3,3,3,3,3,3,3,2,3,3,3,3,2,3,3,3,3,3,3,3,3,3,3,3,3,3,3,3,3,3,3
190,191,Malampa,Ministry of Trades and Commerce,Department of Industry,4,3,3,3,3,3,3,2,3,4,3,4,3,3,3,4,3,3,4,4,4,4,3,4,4,4,4,4,4,4,3
191,192,Sanma,Ministry of Trades and Commerce,Department of Industry,3,4,3,3,3,3,3,3,3,3,3,3,3,3,3,3,3,2,2,3,3,3,2,3,2,4,4,3,3,4,2
192,193,Shefa,Ministry of Trades and Commerce,Department of Tourism,2,2,2,2,2,2,1,2,1,2,2,1,1,1,2,1,1,1,1,2,1,2,2,3,1,3,2,3,2,1,2
193,194,Shefa,Ministry of Health,Department of Public Health,2,2,2,2,2,3,2,2,2,2,1,1,2,1,1,2,2,1,2,2,3,2,2,3,1,2,2,3,2,2,2
194,195,Shefa,Ministry of Finance and Economic Management,Vanuatu Bureau of Statistics,3,4,4,3,3,3,4,4,3,4,4,3,3,3,3,3,2,3,3,3,3,3,3,4,4,3,3,2,2,3,4
195,196,Sanma,Ministry of Finance and Economic Management,Vanuatu Bureau of Statistics,3,4,3,3,3,3,4,3,3,3,2,3,3,3,3,2,3,3,2,2,2,3,3,3,2,2,3,3,3,3,3
196,197,Shefa,Ministry of Trades and Commerce,Corporate Service Unit,3,3,3,3,3,4,4,3,3,3,4,3,3,3,3,3,3,3,4,4,4,3,3,4,2,4,3,3,3,3,3
197,198,Shefa,Ministry of Finance and Economic Management,Vanuatu Bureau of Statistics,2,2,2,2,2,2,2,2,2,2,2,2,2,2,2,2,2,1,1,1,2,2,2,3,2,3,4,3,3,3,4
198,199,Sanma,Ministry of Finance and Economic Management,Corporate Service Unit,3,3,3,3,3,3,3,3,3,3,3,3,3,4,3,3,3,3,3,3,3,3,3,3,3,3,3,3,3,3,3
199,200,Shefa,Ministry of Finance and Economic Management,Vanuatu Bureau of Statistics,4,3,3,4,4,4,4,3,3,2,2,3,3,2,3,2,3,3,3,3,4,3,3,3,3,3,3,3,3,2,3
200,201,Shefa,Ministry of Finance and Economic Management,Vanuatu Bureau of Statistics,4,4,4,4,4,4,3,4,4,4,4,4,4,3,3,4,3,3,4,4,4,4,4,4,4,4,4,4,4,4,4
201,202,Tafea,"Ministry of Fisheries, Ocean and Maritime Affairs",Department of Fisheries,2,2,4,3,4,4,3,3,4,3,3,3,3,2,2,3,2,2,3,3,3,3,4,4,4,4,3,3,4,3,4
202,203,Shefa,Ministry of Health,Department of Public Health,4,4,3,2,2,2,2,3,4,3,2,1,1,1,2,1,1,4,1,2,3,1,4,3,2,3,3,3,3,1,1
203,204,Shefa,Ministry of Prime Minister,Department of Language Services,1,3,3,3,4,3,3,3,3,3,3,3,3,3,3,3,3,2,1,3,3,3,2,3,3,3,1,3,2,1,3
204,205,Shefa,Ministry of Finance and Economic Management,Vanuatu Bureau of Statistics,4,4,4,3,3,4,3,3,3,3,2,2,3,2,2,1,3,3,3,2,2,3,4,4,2,4,3,3,3,2,3
205,206,Sanma,Ministry of Health,Department of Public Health,2,2,2,2,2,2,3,3,3,2,2,3,3,2,3,2,2,2,2,2,2,2,3,3,1,4,3,2,2,2,2
206,207,Shefa,Ministry of Finance and Economic Management,Vanuatu Bureau of Statistics,3,3,3,3,3,3,4,2,3,3,2,2,2,2,2,2,2,3,2,3,3,3,2,4,4,3,3,3,2,2,3
207,208,Shefa,Ministry of Health,Department of Public Health,3,3,2,2,2,2,2,2,1,1,1,3,1,3,3,1,1,2,1,2,1,1,2,3,1,2,2,1,1,1,1
208,209,Shefa,Ministry of Finance and Economic Management,Vanuatu Bureau of Statistics,3,3,3,4,3,3,3,3,3,3,3,3,3,4,2,3,3,2,3,2,2,2,3,4,3,3,3,3,3,2,2
209,210,Shefa,"Ministry of Agriculture, Livestock, Forestry and Biosecurity",Department of Forestry,3,3,3,3,3,3,2,3,4,3,3,2,3,2,2,3,2,1,3,3,2,3,3,3,3,3,3,3,3,3,2
210,211,Shefa,Ministry of Finance and Economic Management,Vanuatu Bureau of Statistics,4,4,4,3,4,3,3,3,3,3,3,2,3,3,2,3,2,2,3,3,2,3,2,2,2,3,3,4,3,4,3
211,212,Shefa,Ministry of Prime Minister,Corporate Service Unit,3,4,4,3,4,4,2,3,4,4,4,2,3,2,3,4,2,3,4,3,1,3,3,2,3,4,3,3,3,2,3
212,213,Shefa,Ministry of Finance and Economic Management,Vanuatu Bureau of Statistics,3,3,3,3,3,3,3,3,3,3,3,3,4,2,2,2,3,4,3,3,3,4,3,3,1,3,3,3,3,2,3
213,214,Malampa,Ministry of Justice and Community Services,Corporate Service Unit,3,4,2,1,4,2,3,2,4,2,1,3,2,1,2,1,3,2,3,1,3,4,1,4,3,4,2,1,1,4,2
214,215,Shefa,Ministry of Justice and Community Services,Customary land Management Office,3,3,3,4,3,3,2,2,3,3,2,2,2,2,2,3,2,3,1,1,1,2,3,3,2,3,3,3,2,3,3
215,216,Shefa,Ministry of Finance and Economic Management,Department of Customs and Inland Revenue,4,4,4,4,4,4,4,4,4,4,4,4,4,4,4,4,4,4,4,4,4,4,4,4,4,4,4,4,4,3,4
216,217,Shefa,"Ministry of Agriculture, Livestock, Forestry and Biosecurity",Department of Biosecurity,2,3,2,2,2,2,3,3,3,3,2,1,3,3,4,2,2,3,3,3,2,2,2,4,3,3,3,3,3,2,3
217,218,Shefa,"Ministry of Agriculture, Livestock, Forestry and Biosecurity",Department of Biosecurity,1,3,3,2,4,4,4,4,4,3,3,3,3,1,1,1,1,1,2,2,1,2,3,3,3,3,4,1,3,3,2
218,219,Sanma,Ministry of Finance and Economic Management,Vanuatu Bureau of Statistics,4,4,4,2,3,3,4,3,3,3,3,3,3,3,3,3,3,3,3,4,3,4,3,3,3,3,3,3,3,4,4
219,220,Shefa,"Ministry of Agriculture, Livestock, Forestry and Biosecurity",Department of Biosecurity,4,4,4,3,3,3,3,3,3,3,4,2,3,2,2,3,2,3,2,2,3,3,2,3,2,3,3,3,4,3,3
220,222,Shefa,Ministry of Prime Minister,Department of Language Services,2,3,1,2,3,2,2,1,2,3,3,2,2,2,2,2,1,2,1,1,1,2,2,2,2,4,3,3,2,2,2
221,223,Shefa,"Ministry of Fisheries, Ocean and Maritime Affairs",Department of Fisheries,4,2,2,2,4,3,4,3,3,4,3,4,3,4,4,4,4,3,3,4,4,4,4,4,4,4,4,4,4,4,4
222,224,Tafea,Ministry of Health,Corporate Service Unit,2,2,2,2,2,2,2,2,2,2,2,2,2,2,2,2,1,2,2,2,2,2,2,2,2,2,2,2,2,2,2
223,225,Penama,Ministry of Justice and Community Services,Customary land Management Office,3,3,3,4,4,4,4,3,4,4,2,3,4,3,3,4,3,4,3,3,3,3,3,3,3,4,3,4,3,2,3
224,226,Shefa,Ministry of Trades and Commerce,Corporate Service Unit,3,2,3,3,3,3,3,3,3,3,2,2,3,2,3,3,3,2,1,1,3,2,2,1,2,3,3,1,3,4,4
225,227,Shefa,Ministry of Prime Minister,Corporate Service Unit,4,4,2,2,3,3,4,4,3,3,4,3,4,3,2,3,3,2,4,4,4,4,2,4,4,4,3,4,2,4,3
226,228,Torba,Ministry of Finance and Economic Management,Vanuatu Bureau of Statistics,3,3,3,2,3,3,3,3,3,3,2,2,2,2,2,2,2,4,2,2,3,3,3,3,4,3,2,3,3,2,2
227,229,Shefa,"Ministry of Fisheries, Ocean and Maritime Affairs",Department of Fisheries,4,3,4,3,3,3,4,3,4,3,3,2,3,2,3,1,2,3,3,3,3,4,3,3,3,3,3,3,3,3,4
228,230,Shefa,Ministry of Prime Minister,"Department of Strategic Policy, Planning and Aid Coordination",3,3,3,2,3,3,3,2,3,3,4,3,2,2,2,3,2,1,2,2,2,4,4,4,2,3,4,3,2,1,2
229,231,Torba,Ministry of Finance and Economic Management,Department of Finance and Treasury,4,4,4,4,4,4,4,4,4,4,4,4,4,4,4,4,4,4,4,4,4,4,4,4,4,4,4,4,4,4,4
230,232,Shefa,Ministry of Lands and Natural Resources,Corporate Service Unit,4,3,3,3,3,4,3,4,4,3,3,4,3,4,4,3,4,3,4,4,3,3,2,3,2,3,3,3,3,2,3
231,233,Shefa,"Ministry of Agriculture, Livestock, Forestry and Biosecurity",Department of Livestock,4,4,3,4,4,4,4,4,4,4,3,3,3,2,3,3,4,3,4,4,4,4,3,4,3,3,3,4,3,4,2
232,234,Shefa,Ministry of Internal Affairs,Department of Immigration,4,3,3,2,3,2,3,4,2,2,2,3,3,2,3,3,2,2,2,2,2,3,3,3,3,3,2,3,3,3,3
233,235,Sanma,Ministry of Justice and Community Services,Customary land Management Office,3,3,1,2,4,3,3,3,3,2,1,3,3,2,2,2,3,3,3,2,2,4,3,3,3,3,4,3,3,3,3
234,236,Shefa,Ministry of Finance and Economic Management,Vanuatu Bureau of Statistics,3,4,3,3,4,4,4,4,3,4,4,4,4,4,3,4,4,4,4,4,4,4,4,4,3,3,4,4,4,2,4
235,237,Shefa,Ministry of Finance and Economic Management,Vanuatu Bureau of Statistics,4,4,3,4,4,3,4,4,2,3,2,1,3,3,3,3,2,2,3,3,3,3,2,3,4,4,2,1,1,1,2
236,238,Shefa,Ministry of Trades and Commerce,Department of Tourism,3,3,2,4,3,2,3,3,3,2,2,1,2,3,4,1,2,1,2,2,3,2,4,3,2,2,3,3,3,3,4
237,239,Torba,Ministry of Finance and Economic Management,Department of Finance and Treasury,4,4,3,4,4,3,3,2,2,4,3,3,3,4,3,3,2,3,3,3,3,3,3,3,3,4,4,4,4,1,1
238,240,Shefa,"Ministry of Agriculture, Livestock, Forestry and Biosecurity",Department of Livestock,2,2,2,3,2,2,2,2,2,2,2,2,2,2,2,2,2,2,2,2,2,2,2,3,2,2,2,2,2,1,2
239,241,Sanma,Ministry of Finance and Economic Management,Department of Customs and Inland Revenue,4,4,3,4,4,4,4,4,4,4,4,4,3,4,4,4,4,4,4,3,3,4,4,4,4,4,4,4,4,3,4
240,242,Shefa,Ministry of Trades and Commerce,Corporate Service Unit,4,4,4,4,4,4,4,4,4,4,4,4,4,4,4,4,4,4,4,4,4,4,4,4,4,4,4,4,4,4,4
241,243,Shefa,Ministry of Prime Minister,Corporate Service Unit,2,3,3,2,3,2,2,2,2,2,2,1,2,2,1,2,2,3,1,1,1,1,2,1,2,2,3,3,3,2,3
242,244,Shefa,Ministry of Trades and Commerce,Corporate Service Unit,4,4,3,3,3,2,4,3,3,3,3,2,2,3,4,4,4,4,4,4,4,4,4,4,4,4,4,4,4,4,4
243,245,Malampa,"Ministry of Agriculture, Livestock, Forestry and Biosecurity",Department of Livestock,3,2,1,2,3,3,4,2,2,3,1,2,2,4,4,1,4,3,3,2,2,2,2,2,2,3,3,4,2,2,2
244,246,Shefa,Ministry of Health,Department of Curative and Hospital Services,3,3,2,2,3,4,3,3,2,2,2,2,2,2,1,2,3,2,2,2,3,2,2,3,2,2,2,2,2,2,4
245,247,Shefa,Ministry of Internal Affairs,Department of Internal Affairs,3,3,2,4,3,4,4,3,3,3,3,3,4,2,3,3,3,3,3,3,4,4,3,4,3,4,4,4,4,4,4
246,248,Shefa,Ministry of Finance and Economic Management,Department of Finance and Treasury,3,3,3,3,3,3,2,3,3,3,3,2,3,2,3,2,2,1,2,3,3,3,2,2,2,3,3,3,3,3,4
247,249,Sanma,Ministry of Finance and Economic Management,Corporate Service Unit,4,3,4,3,2,3,3,2,3,2,2,3,4,2,2,3,4,3,4,4,1,4,3,2,4,4,4,4,3,4,2
248,250,Sanma,"Ministry of Agriculture, Livestock, Forestry and Biosecurity",Department of Livestock,4,4,4,3,3,4,3,3,4,4,4,3,3,4,2,1,2,4,2,3,4,4,4,4,3,4,4,4,1,3,4
249,251,Shefa,Ministry of Finance and Economic Management,Vanuatu Bureau of Statistics,4,4,4,3,3,4,4,3,3,4,4,4,4,4,4,4,4,4,4,4,4,4,4,4,4,4,4,2,3,1,1
250,252,Tafea,Ministry of Finance and Economic Management,Corporate Service Unit,4,4,3,2,3,3,3,3,3,3,3,3,3,3,3,3,3,3,3,3,3,3,3,3,3,3,3,3,3,3,3
251,253,Shefa,Ministry of Prime Minister,Corporate Service Unit,4,4,4,3,4,4,3,3,3,4,3,3,3,3,3,3,3,4,3,2,3,2,3,3,3,4,4,4,3,1,2
252,254,Shefa,Ministry of Infrastructure and Public Utilities,Corporate Service Unit,4,4,3,3,2,4,4,4,3,4,3,3,3,3,3,3,3,2,2,3,4,3,3,3,3,3,3,3,3,3,3
253,255,Shefa,Ministry of Infrastructure and Public Utilities,Department of Ports and Marine,4,3,3,2,3,4,4,3,3,3,4,3,4,3,4,4,3,4,4,4,3,4,4,4,3,4,4,4,4,4,4
254,256,Shefa,Ministry of Prime Minister,Department of Language Services,4,4,4,4,4,4,3,3,4,4,3,3,3,2,2,4,2,2,3,3,3,3,4,3,3,3,3,4,3,1,1
255,257,Shefa,Ministry of Justice and Community Services,Corporate Service Unit,4,4,3,2,4,4,3,2,2,1,2,1,3,2,2,2,1,1,1,1,1,2,2,2,3,3,3,4,2,1,2
256,258,Shefa,Ministry of Internal Affairs,Department of Immigration,4,4,3,2,3,3,3,3,3,3,2,3,3,4,2,3,3,2,3,2,3,3,3,4,4,4,4,3,3,3,4
257,259,Shefa,Ministry of Health,Corporate Service Unit,3,3,4,2,4,3,2,2,2,2,2,2,2,4,2,3,2,4,4,3,2,2,2,2,2,4,3,3,3,2,3
258,260,Shefa,Ministry of Prime Minister,Department of Language Services,3,3,3,2,2,3,3,2,3,3,3,3,2,2,2,3,2,3,2,3,3,3,3,3,3,4,3,3,3,3,3
259,261,Shefa,Ministry of Lands and Natural Resources,Department of Water Resources,3,3,2,3,3,4,4,4,3,2,2,3,2,2,3,3,2,3,3,3,3,2,3,2,3,3,3,4,3,2,2
260,262,Shefa,Ministry of Justice and Community Services,Corporate Service Unit,3,3,3,3,3,4,3,1,3,3,2,1,2,2,2,3,2,2,2,2,1,2,2,3,2,2,3,2,2,1,2
261,263,Penama,Ministry of Health,Department of Public Health,1,3,3,1,3,4,3,1,1,1,1,2,1,1,1,1,1,1,1,1,1,1,1,3,1,4,1,1,3,3,1
262,264,Shefa,Ministry of Lands and Natural Resources,Department of Water Resources,3,2,2,2,3,3,2,3,3,2,2,2,3,2,2,2,2,2,2,2,2,2,2,2,2,3,3,3,2,2,2
263,265,Penama,Ministry of Health,Department of Curative and Hospital Services,1,2,2,2,2,2,2,3,2,2,3,4,3,3,2,3,3,4,2,2,2,3,2,3,3,4,3,4,2,2,2
264,266,Shefa,Ministry of Education and Training,Department of Policy and Planning,4,4,2,3,3,3,3,2,2,3,2,2,2,3,1,2,2,2,2,2,2,2,2,3,2,2,3,2,2,3,3
265,267,Malampa,Ministry of Education and Training,Department of Finance and Admin,3,3,3,3,3,3,3,3,3,3,3,3,3,3,3,3,3,3,3,3,3,3,3,3,3,3,3,3,3,3,3
266,268,Shefa,Ministry of Education and Training,Department of Tertiary Education,3,3,4,3,3,3,3,2,2,3,2,2,3,1,2,3,1,2,3,3,4,3,2,3,2,3,3,3,2,1,2
267,269,Shefa,Ministry of Education and Training,Department of Finance and Admin,1,2,2,2,3,3,2,2,3,2,3,2,3,1,2,2,3,3,1,2,3,2,2,2,2,2,3,3,2,3,3
268,270,Penama,Ministry of Health,Department of Public Health,3,3,3,3,2,2,3,4,4,2,3,4,4,1,1,1,3,3,4,4,1,1,4,4,4,4,4,4,3,1,1
269,271,Tafea,Ministry of Education and Training,Department of Policy and Planning,4,4,4,3,3,3,4,3,4,3,3,4,3,4,4,2,2,1,1,1,4,4,4,4,4,4,4,4,4,1,4
270,272,Shefa,Ministry of Health,Department of Public Health,3,2,2,2,3,3,4,4,3,3,3,2,3,2,3,2,1,3,2,3,4,3,2,4,2,4,4,3,4,1,3
271,273,Shefa,Ministry of Lands and Natural Resources,Department of Water Resources,4,4,4,3,4,3,3,2,3,3,3,3,3,2,3,3,3,3,3,3,3,3,3,3,3,3,4,3,3,3,3
272,274,Shefa,Ministry of Finance and Economic Management,Vanuatu Bureau of Statistics,4,3,3,3,3,3,4,4,3,3,2,3,3,3,3,4,3,3,3,3,3,3,3,3,4,4,4,4,4,2,3
273,275,Shefa,Ministry of Education and Training,Department of Education Services,3,4,3,3,3,3,3,3,3,3,3,3,3,3,3,3,3,4,3,3,3,3,3,3,3,3,3,3,3,3,3
274,276,Malampa,Ministry of Education and Training,Department of Tertiary Education,3,3,3,3,3,4,3,3,3,3,3,3,3,2,2,3,2,3,3,4,4,3,3,4,3,3,3,3,3,2,3
275,277,Shefa,Ministry of Internal Affairs,Department of Urban Affairs,4,3,3,3,3,3,3,4,3,3,3,3,3,3,3,3,3,3,3,3,3,3,3,3,3,3,3,3,3,3,3
276,278,Shefa,Ministry of Lands and Natural Resources,Department of Water Resources,4,4,4,4,4,4,4,2,4,4,4,2,4,3,4,2,1,2,4,4,4,4,2,4,4,4,4,4,4,2,4
277,279,Shefa,Ministry of Education and Training,Department of Finance and Admin,3,3,2,3,3,3,3,2,3,2,3,4,3,2,2,3,2,3,3,2,2,2,3,3,3,4,3,4,3,3,3
278,280,Shefa,Ministry of Lands and Natural Resources,"Department of Lands, Survey and Records",3,3,4,3,3,3,3,3,3,3,3,3,3,3,4,2,1,2,3,3,2,3,3,3,3,3,3,3,3,1,3
279,281,Shefa,Ministry of Education and Training,Department of Tertiary Education,4,3,1,4,3,3,4,2,3,2,4,2,3,1,3,1,1,1,1,2,3,2,3,3,2,3,2,4,3,1,1
280,282,Shefa,Ministry of Lands and Natural Resources,Department of Water Resources,3,4,3,3,3,3,4,4,4,3,4,3,3,2,3,4,2,1,3,3,3,3,3,4,3,4,4,4,3,1,2
281,283,Sanma,Ministry of Lands and Natural Resources,Corporate Service Unit,4,4,3,3,3,3,3,3,3,3,3,3,3,3,3,3,3,3,4,3,4,4,3,3,2,4,4,3,3,3,3
282,284,Shefa,Ministry of Lands and Natural Resources,"Department of Lands, Survey and Records",1,2,2,1,2,2,2,1,1,1,1,1,1,2,2,1,1,2,1,1,1,1,1,1,1,1,1,1,1,1,1
283,285,Shefa,Ministry of Lands and Natural Resources,Corporate Service Unit,4,4,3,3,3,4,4,3,3,3,3,3,4,3,2,3,3,1,3,4,3,4,2,3,4,4,4,4,3,3,3
284,286,Shefa,Ministry of Education and Training,Department of Finance and Admin,2,2,2,2,2,2,2,1,3,3,3,2,3,3,1,1,1,3,2,1,1,1,2,4,2,4,3,1,1,2,3
285,287,Shefa,Ministry of Lands and Natural Resources,"Department of Lands, Survey and Records",3,3,4,3,3,2,2,4,3,3,2,3,3,3,3,3,1,4,1,1,1,1,2,1,1,4,3,3,1,3,3
286,288,Shefa,Ministry of Lands and Natural Resources,Department of Water Resources,3,4,4,3,3,3,3,2,3,2,1,2,2,1,2,1,1,2,2,2,2,2,2,3,2,2,2,1,2,2,3
287,289,Tafea,Ministry of Education and Training,Department of Education Services,3,3,2,1,3,3,3,2,2,1,1,2,2,2,1,2,1,3,2,3,2,3,2,2,4,3,2,3,3,1,1
288,290,Shefa,Ministry of Education and Training,Corporate Service Unit,2,2,1,1,2,2,2,1,1,1,1,1,1,1,1,1,1,1,2,2,2,2,2,3,2,2,2,2,2,2,2
289,291,Shefa,Ministry of Prime Minister,Department of Language Services,2,2,2,2,1,1,1,1,1,3,2,1,2,2,2,1,2,2,2,1,1,2,2,3,1,4,3,3,3,2,2
290,292,Shefa,Ministry of Education and Training,Corporate Service Unit,1,2,1,2,2,2,2,2,3,1,1,2,2,2,1,1,2,1,1,2,1,1,2,3,3,4,2,3,3,3,3
291,293,Tafea,Ministry of Education and Training,Department of Education Services,2,4,2,2,3,3,3,3,2,2,1,2,3,2,2,2,1,4,2,3,3,3,3,2,2,4,4,3,2,3,1
292,294,Shefa,Ministry of Lands and Natural Resources,Corporate Service Unit,1,3,4,4,1,2,4,3,2,4,1,1,3,4,4,3,2,3,4,2,2,1,3,4,4,3,4,4,4,1,3
293,295,Shefa,Ministry of Education and Training,Department of Tertiary Education,3,4,2,3,3,2,3,3,2,3,3,1,2,2,2,3,2,3,2,2,3,2,2,3,2,3,2,2,2,3,3
294,296,Shefa,Ministry of Infrastructure and Public Utilities,Department of Ports and Marine,1,4,4,4,4,4,4,4,3,4,4,4,3,4,4,4,4,4,4,4,3,4,4,4,4,4,4,4,4,4,3
295,297,Sanma,Ministry of Education and Training,Department of Education Services,2,2,2,2,3,3,3,2,3,1,3,3,3,3,3,1,2,3,1,2,2,2,2,3,1,3,3,3,3,2,2
296,298,Shefa,Ministry of Education and Training,Department of Tertiary Education,3,3,2,2,3,3,3,3,2,3,3,3,3,2,2,3,2,3,3,3,2,3,3,3,3,3,3,3,3,4,4
297,299,Shefa,Ministry of Lands and Natural Resources,"Department of Lands, Survey and Records",3,2,3,2,3,3,2,4,4,3,2,2,3,2,2,3,3,1,2,1,4,4,4,4,2,2,2,4,4,3,3
298,300,Torba,Ministry of Education and Training,Department of Education Services,3,3,2,2,3,3,4,3,3,2,3,3,2,2,2,3,2,3,2,4,3,2,2,3,3,4,3,3,2,2,3
299,301,Penama,Ministry of Health,Department of Curative and Hospital Services,2,2,2,2,2,2,2,2,2,2,2,1,2,2,2,3,2,2,2,2,3,2,2,3,3,3,2,3,3,3,3
300,302,Shefa,"Ministry of Fisheries, Ocean and Maritime Affairs",Corporate Service Unt,2,2,1,1,1,1,1,3,1,1,1,1,1,2,3,1,1,3,1,1,1,1,1,2,1,1,2,1,1,1,4
301,303,Shefa,Ministry of Lands and Natural Resources,Corporate Service Unit,3,3,3,3,3,3,3,3,3,3,3,3,3,3,3,1,1,1,3,3,3,3,3,1,3,4,4,4,4,1,2
302,304,Penama,Ministry of Health,Department of Curative and Hospital Services,2,2,3,2,3,2,3,1,2,2,1,3,2,2,1,3,2,3,1,3,4,1,4,1,4,4,3,3,4,3,1
303,305,Shefa,Ministry of Finance and Economic Management,Corporate Service Unit,4,4,4,3,4,4,4,4,4,4,4,4,4,4,4,4,4,4,4,4,4,4,4,4,4,4,4,4,4,3,4
304,306,Malampa,"Ministry of Agriculture, Livestock, Forestry and Biosecurity",Department of Biosecurity,3,4,3,2,3,4,4,3,4,4,4,2,3,4,1,4,1,4,4,4,1,4,3,3,4,4,4,4,4,1,1
305,307,Shefa,Ministry of Education and Training,Department of Education Services,4,4,1,3,3,2,2,2,2,2,3,2,3,3,1,3,2,2,3,3,3,3,2,3,2,4,3,3,3,2,3
306,308,Penama,Ministry of Health,Department of Public Health,2,2,2,2,2,2,2,2,2,2,2,2,1,2,1,2,2,4,2,3,3,1,2,1,2,3,2,3,3,2,2
307,309,Shefa,Ministry of Health,Department of Public Health,2,2,2,2,2,1,1,1,2,3,2,2,2,2,2,2,2,2,1,1,2,1,2,3,1,2,1,1,1,2,3
308,310,Shefa,Ministry of Education and Training,Department of Education Services,2,2,2,2,3,1,2,2,2,2,2,2,2,2,2,2,1,2,1,1,1,2,2,1,2,2,2,2,1,1,1
309,311,Shefa,Ministry of Internal Affairs,Department of Immigration,4,3,3,3,3,4,3,3,3,3,3,3,4,2,3,3,3,4,4,4,4,4,3,4,4,3,3,3,3,3,4
310,312,Malampa,Ministry of Trades and Commerce,Department of Tourism,2,3,3,3,2,2,3,1,1,2,1,1,2,2,2,2,2,2,2,2,2,2,3,3,2,2,2,2,3,2,3
311,313,Shefa,Ministry of Education and Training,Department of Education Services,3,3,2,3,4,2,3,3,2,3,3,2,2,2,2,2,2,2,2,3,3,3,3,3,2,3,3,4,3,3,3
312,314,Shefa,Ministry of Lands and Natural Resources,"Department of Lands, Survey and Records",3,3,3,3,3,3,3,3,3,3,3,3,3,3,3,3,3,3,3,3,3,3,3,3,3,3,3,3,3,3,3
313,315,Shefa,Ministry of Education and Training,Department of Policy and Planning,4,4,4,3,4,4,4,4,4,4,2,3,3,2,2,3,2,1,3,3,3,2,2,4,3,3,3,4,2,2,2
314,316,Shefa,Ministry of Internal Affairs,Department of Immigration,4,4,2,3,4,4,4,4,3,2,2,4,3,2,1,3,4,3,4,3,3,3,3,2,4,3,2,3,3,1,3
315,317,Shefa,Ministry of Lands and Natural Resources,Department of Water Resources,4,3,2,3,4,4,4,2,4,4,4,2,3,2,3,3,2,4,4,4,4,2,4,4,3,4,4,4,3,1,4
316,318,Shefa,Ministry of Finance and Economic Management,Vanuatu Bureau of Statistics,3,3,4,3,3,3,3,3,3,2,2,2,3,2,2,3,2,4,2,2,2,3,2,3,3,3,3,4,4,3,3
317,319,Shefa,Ministry of Education and Training,Department of Education Services,4,4,4,4,4,4,4,3,4,4,3,3,3,2,2,4,1,1,1,2,1,1,4,4,2,4,4,3,4,4,3
318,320,Shefa,Ministry of Education and Training,Department of Policy and Planning,2,2,4,2,4,3,4,3,4,1,4,1,3,3,3,2,2,2,3,1,1,3,4,1,4,4,3,2,3,2,3
319,321,Shefa,Ministry of Education and Training,Department of Education Services,3,3,3,3,3,3,3,2,3,3,3,3,3,2,3,3,2,3,3,3,3,3,3,3,3,3,3,3,3,2,2
320,322,Shefa,Ministry of Health,Department of Public Health,3,3,3,3,3,3,3,3,3,3,3,3,3,2,3,3,3,3,3,2,3,3,3,3,3,3,3,3,3,3,3
321,323,Shefa,"Ministry of Foreign Affairs, International Cooperation and External Trade",Department of External Trade,4,4,4,4,4,4,3,3,3,3,2,3,3,4,3,3,2,3,3,3,3,3,3,3,3,3,3,3,3,3,3
322,324,Shefa,Ministry of Prime Minister,Corporate Service Unit,1,2,2,2,2,2,2,1,2,2,2,2,2,2,2,2,2,3,2,2,1,2,3,2,3,2,1,3,2,2,2
323,325,Shefa,"Ministry of Agriculture, Livestock, Forestry and Biosecurity",Department of Livestock,1,1,1,1,1,2,2,1,1,1,1,1,1,1,1,1,2,2,1,1,1,1,1,2,1,1,2,1,1,1,3
324,326,Shefa,Ministry of Prime Minister,Corporate Service Unit,1,2,1,2,1,2,1,1,2,2,3,1,2,2,2,2,2,2,3,2,1,1,2,2,2,2,2,2,3,2,3
325,327,Shefa,Ministry of Prime Minister,"Department of Strategic Policy, Planning and Aid Coordination",4,3,4,4,4,3,4,4,4,4,4,4,4,4,4,4,3,4,4,4,4,4,4,4,4,4,4,4,4,3,4
326,328,Tafea,Ministry of Education and Training,Department of Education Services,3,3,2,2,2,1,3,4,1,2,3,4,1,2,3,4,1,2,3,4,1,2,3,4,1,2,3,3,4,4,1
327,329,Sanma,Ministry of Infrastructure and Public Utilities,Public Works Department,3,3,3,2,2,2,2,3,2,3,2,3,3,3,3,3,3,3,3,3,3,3,2,3,3,3,3,3,3,3,2
328,330,Sanma,Ministry of Health,Department of Public Health,2,2,4,2,2,2,3,2,2,2,2,1,2,1,1,2,1,1,1,2,2,1,2,2,1,2,2,2,2,1,2
329,331,Shefa,Ministry of Infrastructure and Public Utilities,Public Works Department,3,3,2,3,2,3,3,3,3,3,3,2,3,2,3,2,2,3,2,3,2,3,3,1,3,3,3,3,2,3,3
330,332,Shefa,"Ministry of Agriculture, Livestock, Forestry and Biosecurity",Department of Agriculture and Rural Development,3,2,3,2,3,3,3,2,3,3,3,2,2,2,2,2,2,1,4,3,2,2,2,3,1,3,3,3,2,2,2
331,333,Shefa,Ministry of Education and Training,Corporate Service Unit,3,3,3,2,3,3,4,1,4,2,2,3,2,2,1,3,2,1,2,4,2,3,3,3,2,3,2,3,2,2,1
332,334,Shefa,Ministry of Health,Department of Policy and Planning,2,2,2,2,3,3,3,3,3,3,3,2,3,2,2,2,2,3,2,2,1,3,3,3,2,3,2,3,2,2,2
333,335,Shefa,Ministry of Education and Training,Corporate Service Unit,1,1,1,1,4,4,4,3,4,3,3,4,4,3,3,3,3,2,3,3,4,3,3,4,3,4,4,3,4,4,3
334,336,Shefa,Ministry of Health,Department of Policy and Planning,3,3,2,3,4,4,3,2,2,2,3,2,3,3,2,3,3,3,3,2,3,3,3,3,3,4,3,4,3,3,3
335,337,Shefa,Ministry of Education and Training,Department of Finance and Admin,3,2,3,3,3,3,3,3,3,3,3,3,3,1,1,3,1,1,1,2,2,3,3,3,3,4,3,2,2,3,3
336,338,Shefa,Ministry of Health,Corporate Service Unit,4,4,3,3,3,4,3,4,3,4,3,4,3,4,4,4,4,4,3,4,3,4,3,4,4,4,3,3,3,3,3
337,339,Malampa,Ministry of Finance and Economic Management,Vanuatu National Audit Office,3,4,3,3,3,4,3,3,3,3,3,2,3,2,2,3,3,3,3,3,3,2,3,3,3,3,3,4,3,2,3
338,340,Penama,Ministry of Health,Department of Public Health,3,3,3,4,3,3,3,2,3,4,4,4,4,2,2,3,3,2,4,2,4,3,2,4,3,4,3,1,4,4,2
339,341,Shefa,Ministry of Climate Change and Adaptation,Vanuatu Meteorology and Geo-hazards Department,3,4,3,3,4,3,3,4,4,4,2,3,4,3,4,1,2,4,4,4,4,4,4,4,3,4,3,4,3,4,4
340,342,Shefa,Ministry of Climate Change and Adaptation,Corporate Service Unit,3,3,1,3,4,4,3,4,3,2,4,2,3,4,4,4,3,4,4,3,4,4,4,4,4,4,3,4,4,2,3
341,343,Shefa,Ministry of Climate Change and Adaptation,National Disaster Management Office,2,2,2,1,2,2,2,1,1,1,2,2,2,1,1,1,1,1,1,2,2,2,1,2,2,2,2,2,1,1,3
342,344,Shefa,Ministry of Finance and Economic Management,Vanuatu National Audit Office,3,3,2,3,3,2,2,3,2,4,3,3,2,2,2,3,3,2,2,3,3,3,3,3,2,3,3,3,3,3,3
343,345,Shefa,Ministry of Climate Change and Adaptation,Department of Energy,4,4,3,3,4,3,3,3,3,2,3,3,3,3,3,3,2,3,2,3,2,3,3,3,2,4,3,3,3,3,2
344,346,Shefa,Ministry of Climate Change and Adaptation,Vanuatu Meteorology and Geo-hazards Department,3,3,2,1,2,2,2,2,2,2,2,2,2,2,2,1,2,2,2,2,2,1,2,2,2,2,2,2,1,2,3
345,347,Shefa,Ministry of Education and Training,Corporate Service Unit,3,3,2,3,3,4,4,4,4,4,4,4,3,2,4,3,1,1,4,1,4,3,3,4,4,1,2,1,3,3,3
346,348,Shefa,Ministry of Education and Training,Department of Education Services,3,3,2,2,2,2,2,3,3,3,2,3,3,3,3,3,2,2,2,1,2,4,4,1,3,4,4,1,1,2,4
347,349,Shefa,Ministry of Education and Training,Corporate Service Unit,2,2,3,2,2,2,2,2,1,2,1,2,1,2,2,2,1,1,2,1,2,2,2,2,1,2,2,1,1,2,2
348,350,Shefa,Ministry of Climate Change and Adaptation,Corporate Service Unit,3,4,4,3,3,4,4,4,3,4,2,3,3,2,2,3,2,3,3,3,2,3,3,3,3,4,4,4,4,3,4
349,351,Shefa,Ministry of Infrastructure and Public Utilities,Department of Ports and Marine,2,2,2,4,3,3,3,3,2,3,3,2,2,2,2,2,2,3,2,3,2,3,2,4,2,4,4,3,3,2,2
350,352,Shefa,Ministry of Climate Change and Adaptation,Vanuatu Meteorology and Geo-hazards Department,4,4,4,3,3,3,3,3,3,3,3,3,3,3,3,3,3,3,3,3,3,3,3,3,3,3,3,3,3,3,3
351,353,Shefa,Ministry of Climate Change and Adaptation,Vanuatu Meteorology and Geo-hazards Department,3,3,3,3,3,3,3,3,3,3,3,2,3,3,3,3,3,2,3,3,3,3,3,3,3,3,3,3,3,2,3
352,354,Shefa,Ministry of Education and Training,Department of Education Services,3,3,3,3,3,3,3,2,2,2,3,3,3,2,2,3,2,2,2,2,2,2,3,2,2,3,3,3,3,2,3
353,355,Sanma,Ministry of Lands and Natural Resources,Corporate Service Unit,3,2,2,2,3,2,2,2,2,3,3,3,2,3,2,2,2,3,2,2,2,3,3,2,2,2,2,2,2,2,2
354,356,Penama,Ministry of Health,Department of Public Health,1,2,4,2,2,1,2,2,3,3,2,3,3,1,1,3,2,2,1,2,3,1,4,3,3,2,2,1,1,2,1
355,357,Malampa,Ministry of Education and Training,Department of Education Services,4,4,4,2,4,3,4,3,3,3,4,3,3,3,3,3,2,4,4,3,2,3,3,4,2,4,4,4,4,2,4
356,358,Shefa,Ministry of Education and Training,Department of Tertiary Education,4,3,2,2,2,2,2,1,2,3,4,2,1,2,3,1,1,3,3,2,1,2,3,3,2,2,3,3,2,2,4
357,359,Sanma,Ministry of Lands and Natural Resources,Department of Water Resources,4,3,4,4,4,3,2,2,3,2,2,2,2,2,2,2,2,2,3,3,3,3,3,4,2,3,3,3,2,3,3
358,360,Penama,Ministry of Health,Department of Policy and Planning,3,3,2,3,3,3,3,3,3,3,3,3,2,2,2,2,3,2,2,2,3,2,2,3,2,3,3,2,2,3,3
359,361,Penama,Ministry of Education and Training,Department of Education Services,3,3,3,3,3,3,3,3,3,3,3,2,3,3,2,3,3,2,3,2,3,3,2,4,3,3,3,2,2,2,2
360,362,Shefa,Ministry of Health,Department of Public Health,3,4,3,3,4,3,3,3,4,3,3,4,4,2,2,3,3,2,4,4,4,4,3,3,3,4,4,4,4,3,4
361,363,Sanma,Ministry of Justice and Community Services,Customary land Management Office,3,3,2,3,4,3,4,3,4,3,2,2,3,2,2,3,4,1,2,2,1,2,3,3,3,4,2,2,1,2,2
362,364,Shefa,"Ministry of Agriculture, Livestock, Forestry and Biosecurity",Department of Livestock,3,2,2,2,2,3,3,2,3,4,2,3,1,2,2,2,2,1,3,3,3,3,3,3,3,3,3,3,3,3,3
363,365,Sanma,Ministry of Health,Department of Public Health,2,2,4,4,3,2,1,1,4,1,4,4,4,1,1,1,1,1,1,1,3,1,2,4,1,4,4,4,4,4,4
364,366,Shefa,"Ministry of Foreign Affairs, International Cooperation and External Trade",Corporate Service Unit,1,4,3,2,2,2,2,2,2,3,2,2,2,2,2,1,1,2,2,2,2,2,2,3,2,2,2,2,2,1,2
365,367,Shefa,Ministry of Climate Change and Adaptation,Corporate Service Unit,3,4,2,3,3,3,4,3,3,3,3,3,3,3,2,3,3,3,3,3,4,3,3,3,3,3,3,3,3,2,4
366,368,Penama,Ministry of Health,Department of Curative and Hospital Services,3,3,3,3,3,4,3,4,4,4,4,3,3,4,2,2,2,3,2,3,4,3,3,4,4,4,4,3,3,3,3
367,369,Shefa,Ministry of Climate Change and Adaptation,Department of Energy,4,3,4,3,3,3,3,4,3,4,3,2,3,3,3,3,3,1,2,2,3,4,2,3,3,4,4,3,3,3,3
368,370,Penama,Ministry of Infrastructure and Public Utilities,Public Works Department,4,4,4,4,4,4,4,4,4,4,4,4,4,4,4,4,4,4,4,4,4,4,4,4,4,4,4,4,4,4,4
369,371,Shefa,Ministry of Climate Change and Adaptation,Corporate Service Unit,3,4,3,3,2,4,3,4,3,2,3,2,3,4,4,3,2,2,3,3,3,3,3,3,4,3,3,3,3,2,3
370,372,Shefa,Ministry of Education and Training,Department of Education Services,4,4,2,3,3,3,3,4,3,2,2,2,1,1,2,2,1,1,3,3,2,4,2,4,2,3,2,1,3,3,3
371,373,Shefa,Ministry of Education and Training,Department of Tertiary Education,2,2,1,2,3,2,2,3,2,2,2,1,2,1,2,2,1,1,1,2,1,2,2,1,2,2,2,3,1,4,4
372,374,Shefa,"Ministry of Agriculture, Livestock, Forestry and Biosecurity",Department of Livestock,2,2,2,2,2,2,2,2,2,2,2,2,3,2,2,2,2,2,1,1,1,1,1,1,2,1,1,1,1,1,1
373,375,Shefa,Ministry of Climate Change and Adaptation,National Disaster Management Office,3,3,3,3,2,3,3,2,3,2,3,3,3,3,3,3,2,1,1,2,2,2,2,3,2,1,3,2,1,2,2
374,376,Shefa,Ministry of Internal Affairs,Department of Labour,4,3,3,3,4,4,3,4,4,3,3,3,3,4,4,4,4,3,4,3,4,3,4,3,4,3,3,4,3,4,4
375,377,Shefa,Ministry of Internal Affairs,Department of Urban Affairs,3,3,2,3,3,3,3,3,2,2,3,3,2,3,2,4,2,3,3,3,2,3,3,4,3,4,3,4,3,1,3
376,378,Shefa,Ministry of Finance and Economic Management,Corporate Service Unit,3,3,3,3,4,3,3,4,2,4,3,4,3,4,3,3,3,2,2,3,4,3,3,3,2,4,4,3,3,1,2
377,379,Sanma,Ministry of Lands and Natural Resources,"Department of Lands, Survey and Records",3,2,3,2,2,2,3,2,2,1,1,1,1,2,2,2,1,2,1,2,1,1,2,2,2,2,1,2,1,2,2
378,380,Shefa,Ministry of Education and Training,Department of Tertiary Education,2,2,2,3,3,3,3,3,4,2,2,2,3,2,2,2,2,2,2,2,2,2,2,2,2,1,2,3,2,2,3
379,381,Shefa,Ministry of Health,Department of Public Health,2,2,3,3,2,2,3,3,1,2,2,2,2,2,2,2,2,1,2,2,2,2,2,3,2,2,2,2,2,2,3
380,382,Tafea,Ministry of Finance and Economic Management,Corporate Service Unit,3,3,2,2,3,3,3,3,2,3,2,2,2,2,1,2,2,2,2,1,1,2,1,1,2,2,2,2,3,2,3
381,383,Shefa,Ministry of Justice and Community Services,Department of Womans Affairs,2,1,2,2,3,3,3,1,1,2,1,2,1,1,1,1,2,1,1,3,4,2,2,2,3,2,2,2,3,3,3
382,384,Penama,Ministry of Climate Change and Adaptation,Vanuatu Meteorology and Geo-hazards Department,3,3,2,3,4,3,3,2,2,4,2,4,3,3,1,3,4,3,3,3,3,3,3,4,2,3,4,3,2,3,4
383,385,Malampa,Ministry of Lands and Natural Resources,Department of Water Resources,4,4,4,3,4,4,4,3,3,4,3,4,3,3,4,4,3,4,3,4,4,4,3,4,3,4,4,4,3,3,3
384,386,Shefa,"Ministry of Agriculture, Livestock, Forestry and Biosecurity",Department of Forestry,3,3,3,3,4,3,3,3,3,2,2,2,2,2,2,2,2,2,2,3,3,2,2,3,2,3,2,3,2,3,2
385,387,Shefa,"Ministry of Agriculture, Livestock, Forestry and Biosecurity",Department of Forestry,1,3,4,3,4,4,4,4,4,4,3,4,3,4,4,4,4,3,4,4,4,4,4,4,4,4,3,4,4,3,4
386,388,Sanma,Ministry of Health,Department of Curative and Hospital Services,3,3,3,3,3,3,4,3,2,4,2,2,2,2,1,1,2,2,3,3,2,2,2,3,3,1,3,3,2,2,3
387,389,Sanma,Ministry of Health,Department of Curative and Hospital Services,1,2,3,2,2,2,1,4,2,2,3,3,3,2,3,3,3,2,1,1,4,3,4,4,2,2,3,3,2,3,3
388,390,Malampa,Ministry of Infrastructure and Public Utilities,Public Works Department,4,4,3,4,3,3,4,3,3,3,2,3,2,3,3,3,4,3,2,3,3,3,3,3,4,3,4,3,3,4,4
389,391,Shefa,"Ministry of Agriculture, Livestock, Forestry and Biosecurity",Department of Forestry,2,2,2,2,2,2,1,2,2,2,1,2,2,1,1,1,2,2,1,1,1,2,1,3,2,2,2,4,1,3,2
390,392,Shefa,Ministry of Climate Change and Adaptation,Vanuatu Meteorology and Geo-hazards Department,3,4,3,3,3,3,3,2,3,3,2,3,3,3,3,3,2,3,3,3,3,3,3,3,2,3,3,3,3,3,3
391,393,Shefa,Ministry of Climate Change and Adaptation,Vanuatu Meteorology and Geo-hazards Department,3,3,2,2,3,3,3,3,3,3,3,3,3,3,3,3,3,3,3,3,3,3,2,3,2,3,3,3,3,2,2
392,394,Sanma,Ministry of Health,Department of Curative and Hospital Services,2,2,2,3,3,3,2,4,2,1,3,4,3,3,3,2,2,3,1,3,2,3,2,3,3,3,3,3,1,3,3
393,395,Shefa,Ministry of Climate Change and Adaptation,Vanuatu Meteorology and Geo-hazards Department,3,3,2,2,2,3,3,3,3,3,3,3,3,1,1,3,2,1,3,3,3,3,3,3,1,3,3,3,3,3,3
394,396,Shefa,"Ministry of Agriculture, Livestock, Forestry and Biosecurity",Department of Forestry,2,2,2,2,3,3,3,3,4,2,1,2,3,2,3,2,2,2,1,3,1,3,2,2,3,3,3,3,3,2,3
395,397,Shefa,Ministry of Education and Training,Department of Tertiary Education,3,2,3,2,3,3,4,3,3,2,1,2,3,1,1,2,2,4,3,2,3,3,2,3,2,4,3,3,3,4,4
396,398,Shefa,Ministry of Climate Change and Adaptation,Vanuatu Meteorology and Geo-hazards Department,4,3,2,3,3,2,3,3,3,3,3,2,3,2,2,3,3,3,3,3,3,3,3,3,3,3,2,3,2,3,3
397,399,Penama,Ministry of Health,Department of Public Health,4,4,4,4,2,2,2,4,2,1,1,1,1,2,2,1,1,1,1,1,2,1,1,3,1,1,2,1,2,2,1
398,400,Shefa,Ministry of Infrastructure and Public Utilities,Public Works Department,4,4,4,4,4,4,4,3,3,3,2,3,3,1,2,1,2,4,2,1,1,3,3,4,1,4,4,2,1,2,4
399,401,Sanma,Ministry of Climate Change and Adaptation,Department of Environment Protection and Conservation,3,4,3,3,3,4,4,3,4,3,4,4,3,4,3,3,3,3,4,4,4,4,3,4,4,3,4,4,4,4,3
400,402,Sanma,Ministry of Health,Department of Curative and Hospital Services,2,3,2,2,2,2,2,2,2,2,2,2,2,2,2,2,2,2,1,2,2,1,2,2,2,3,2,3,3,2,2
401,403,Sanma,Ministry of Health,Department of Public Health,4,4,4,2,4,3,4,3,3,3,3,3,3,3,3,3,3,3,3,3,3,3,3,3,3,3,3,3,3,3,3
402,404,Penama,Ministry of Health,Department of Public Health,2,2,2,2,2,2,3,2,2,2,2,2,3,3,2,3,2,3,2,3,3,3,3,3,3,2,2,3,3,2,2
403,405,Shefa,Ministry of Education and Training,Department of Education Services,4,4,4,4,4,3,3,3,4,3,3,3,4,3,3,4,3,3,4,3,4,3,4,4,4,3,4,4,4,2,3
404,406,Shefa,Ministry of Trades and Commerce,Corporate Service Unit,3,3,3,3,3,4,3,3,3,3,3,2,2,3,2,2,2,2,2,3,3,3,3,3,3,2,3,2,2,3,3
405,407,Shefa,Ministry of Climate Change and Adaptation,Vanuatu Meteorology and Geo-hazards Department,3,3,3,3,3,3,4,2,3,4,4,3,4,4,4,3,2,4,3,3,4,4,4,4,2,4,4,4,4,2,3
406,408,Sanma,Ministry of Health,Department of Curative and Hospital Services,2,2,2,2,2,2,2,2,2,2,2,2,2,1,1,2,1,1,2,2,3,2,3,3,3,4,2,2,2,1,2
407,409,Malampa,Ministry of Education and Training,Department of Education Services,3,3,3,3,3,3,4,2,3,2,1,3,3,2,2,2,2,3,3,3,1,3,2,3,3,4,3,2,2,2,2
408,410,Sanma,Ministry of Health,Department of Curative and Hospital Services,1,1,1,1,1,1,1,1,1,2,2,2,2,1,1,1,1,2,1,2,1,1,2,1,1,2,1,1,1,2,1
409,411,Shefa,Ministry of Lands and Natural Resources,Department of Water Resources,3,3,3,3,2,3,3,3,2,2,2,2,2,1,2,1,1,2,2,2,1,1,1,1,1,3,1,1,2,1,1
410,412,Sanma,Ministry of Climate Change and Adaptation,Corporate Service Unit,3,3,3,3,4,3,4,3,4,4,4,3,3,3,3,3,3,3,3,3,3,3,3,4,4,4,4,4,3,3,3
411,413,Sanma,Ministry of Lands and Natural Resources,"Department of Lands, Survey and Records",3,4,4,4,3,4,4,3,4,3,4,1,4,4,4,4,4,1,2,4,2,3,4,4,3,4,4,4,3,3,4
412,414,Shefa,Ministry of Justice and Community Services,Corporate Service Unit,2,3,2,3,3,3,3,3,3,3,3,3,3,3,3,3,3,3,3,3,3,3,2,3,3,3,3,3,2,2,3
413,415,Shefa,Ministry of Prime Minister,Corporate Service Unit,2,2,2,2,3,3,3,3,3,3,3,3,3,2,3,3,3,2,3,3,3,3,3,3,3,3,3,3,3,3,3
414,416,Shefa,"Ministry of Agriculture, Livestock, Forestry and Biosecurity",Department of Forestry,2,3,4,2,3,3,2,1,2,2,2,2,2,2,2,1,2,2,2,3,2,2,2,3,3,2,3,2,3,3,3
415,417,Shefa,Ministry of Lands and Natural Resources,Department of Water Resources,3,3,3,3,3,3,3,3,3,4,3,3,2,4,4,3,3,2,3,3,3,3,3,4,3,3,3,3,3,2,2
416,418,Shefa,Ministry of Lands and Natural Resources,Department of Water Resources,1,2,2,2,2,2,2,1,1,2,1,2,2,2,2,2,2,1,1,1,1,1,2,2,1,1,1,1,1,2,2
